{"todayhumor.co.kr": {"median_rtt": 14.932500000000001, "drop_rate": 0.0, "max_rtt": 1226.761}, "google.com": {"median_rtt": 20.873000000000001, "drop_rate": 0.6, "max_rtt": 1334.607}, "taobao.com": {"median_rtt": 202.2165, "drop_rate": 0.0, "max_rtt": 1183.99}, "zanvarsity.ac.tz": {"median_rtt": 354.01949999999999, "drop_rate": 0.4, "max_rtt": 1607.893}}